{ 
  "INIT": {
    "start": 0.01,
    "length": 8.01
  },
  "C": {
    "start": 8.01,
    "length": 8.01
  },
  "TL_now": {
    "start": 16.01,
    "length": 8.01
  },
  "TL_100": {
    "start": 24.01,
    "length": 8.01
  },
  "TL_500": {
    "start": 32.01,
    "length": 8.01
  },
  "TL_1000": {
    "start": 40.01,
    "length": 8.01
  },
  "TSLL_now": {
    "start": 48.01,
    "length": 8.01
  },
  "TSLL_100": {
    "start": 56.01,
    "length": 8.01
  },
  "TSLL_500": {
    "start": 64.01,
    "length": 8.01
  },
  "TSLL_1000": {
    "start": 72.01,
    "length": 8.01
  },
  "TSHL_now": {
    "start": 80.01,
    "length": 8.01
  },
  "TSHL_100": {
    "start": 88.01,
    "length": 8.01
  },
  "TSHL_500": {
    "start": 96.01,
    "length": 8.01
  },
  "TSHL_1000": {
    "start": 104.01,
    "length": 8.01
  },
  "TR_now": {
    "start": 112.01,
    "length": 8.01
  },
  "TR_100": {
    "start": 120.01,
    "length": 8.01
  },
  "TR_500": {
    "start": 128.01,
    "length": 8.01
  },
  "TR_1000": {
    "start": 136.01,
    "length": 8.01
  },
  "TSLR_now": {
    "start": 144.01,
    "length": 8.01
  },
  "TSLR_100": {
    "start": 152.01,
    "length": 8.01
  },
  "TSLR_500": {
    "start": 160.01,
    "length": 8.01
  },
  "TSLR_1000": {
    "start": 168.01,
    "length": 8.01
  },
  "TSHR_now": {
    "start": 176.01,
    "length": 8.01
  },
  "TSHR_100": {
    "start": 184.01,
    "length": 8.01
  },
  "TSHR_500": {
    "start": 192.01,
    "length": 8.01
  },
  "TSHR_1000": {
    "start": 200.01,
    "length": 8.01
  },
  "TU": {
    "start": 208.01,
    "length": 8.01
  },
  "C_100": {
    "start": 216.01,
    "length": 8.01
  },
  "C_500": {
    "start": 224.01,
    "length": 8.01
  },
  "C_1000": {
    "start": 232.01,
    "length": 8.01
  },
  "C_LONG":{
    "start": 240.01,
    "length": 8.01
  },
  "FINISH":{
    "start": 248.01,
    "length": 8.01
  }
}